<?xml version="1.0"?>
<package-info xmlns="unicode emoji" xmlns:smf="https://justinmidlet.blogspot.com/2019/05/unicode-emoji-smilies-for-simple.html">
  <id>ibtisam:unicode_emoji</id>
  <name>unicode emoji for smf</name>
  <version>1.1</version>
  <type>modification</type>
  <install>
    <readme type="file">ReadMe.txt</readme>
    <require-dir name="unicode emoji" destination="$smileysdir" />
  </install>
  <upgrade>
    <readme type="file">ReadMe.txt</readme>
	<remove-dir name="$smileysdir/unicode emoji" />
    <require-dir name="unicode emoji" destination="$smileysdir" />
  </upgrade>
  <uninstall>
    <remove-dir name="$smileysdir/unicode emoji" />
  </uninstall>
</package-info>
